id;username;linkedin;reg_datetime;reg_code;experience;status
1;mobile Fish;Home Loan Account Table Computer;2019-11-10T07:00:36;FTP Savings Account;70807;Active
2;Implementation Electronics Officer;methodology Albania;2019-11-09T22:02:15;intangible;61185;Active
3;Multi-channelled Licensed;grey Cambridgeshire;2019-11-09T18:11:11;Refined Rubber Chicken Table;6505;Inactive
4;South Dakota envisioneer Music;Nakfa;2019-11-09T21:50:26;Rubber Buckinghamshire Games;90932;Inactive
5;convergence;Mayotte;2019-11-10T03:58:03;Facilitator;77513;Inactive
6;capacitor archive;sky blue Tasty Plastic Pizza;2019-11-09T23:04:33;interactive generating compelling;28093;Inactive
7;Car Industrial deliverables;orange Books;2019-11-09T12:50:00;monitor;72900;Active
8;generating Highway Ergonomic;moratorium moratorium;2019-11-09T14:53:37;withdrawal COM;47221;Active
9;hard drive Robust Networked;Poland;2019-11-09T22:08:35;Grocery;10789;Inactive
10;Harbor Montana;Corporate Phased relationships;2019-11-09T14:16:16;User-centric;7697;Active
